rut,nombre,estado civil,ciudad,fono,pan,cvv,pin
49632160-k,Stone Sofia,Divorced,Vicuña,1-473-633-5223,644282 833787 1575,687,2635
34917423-5,Tyler Emilia,Common-Law,O'Higgins,775-3826,4532 137 32 2150,889,9546
23258461-0,Honorato Renato,Common-Law,Los Vilos,1-209-458-8165,448 55627 32472 878,332,4650
14549861-9,Henry Paz,Single,General Lagos,1-600-505-7662,557272 325521 3872,367,5355
48938332-2,Mercedes Sepulveda,Divorced,Primavera,1-480-922-4415,3615 454541 71296,701,1157
28966553-6,Jayme Julieta,Single,Nancagua,524-4148,3657 961857 96259,412,7810
40356351-k,Daquan Gabriel,Single,Hualañé,1-184-716-5680,493687 8281316463,761,7794
29178825-4,Kirsten Mateo,Common-Law,Codegua,672-4265,633434 542765 8557,240,7331
46646970-k,Xandra Silva,Divorced,Río Bueno,1-528-627-8452,3037 458658 33150,784,1158
19589654-2,Irene Augustin,Single,Curacaví,992-6287,365365249537420,797,2371
1556765-1,Donovan Araya,Divorced,Huara,1-661-875-9673,491 64732 77248 690,531,4883
47837570-0,Macaulay Javier,Divorced,Andacollo,1-840-786-4367,304292863118366,463,8482
117336-7,Megan Nunez,Single,Olivar,926-0450,3029 259244 28520,268,2171
3347882-8,Sebastian Ignacio,Married,San José de Maipo,1-442-882-5438,3734 544985 45845,396,9124
7348687-4,Ainsley Daniel,Divorced,Río Negro,1-715-588-5414,670633 5381475510,113,7358
40168159-0,Amaya Victoria,Common-Law,Puyehue,1-324-392-3248,491 64678 38845 697,720,4632
32497799-6,Kieran Morales,Common-Law,Pedro Aguirre Cerda,791-7429,344767243577540,892,4334
49454107-6,Alexis Bravo,Divorced,Lago Verde,449-3983,5715582446615173,932,3933
4754981-7,Owen Sofia,Single,Talca,740-1413,5038 8867 4535 5385,952,6447
13595242-7,Tucker Bravo,Single,San Pedro de Atacama,1-402-818-9356,3614 539264 65323,969,3126
17314652-3,Josephine Diaz,Single,Cabo de Hornos,905-1864,675 95671 97521 279,163,2752
16213252-0,Lydia Diaz,Married,Huara,1-634-747-5951,3452 575226 68383,685,2682
45852195-6,Abraham Paula,Married,Treguaco,450-1470,645681 7893875180,536,7307
392956-6,Stephen Victoria,Common-Law,Temuco,582-4292,548 93342 49796 212,250,6717
45163960-9,Gretchen Gonzalez,Divorced,Timaukel,942-7791,555 76347 48225 523,883,8032
49969306-0,Britanni Ramirez,Divorced,Antuco,1-821-364-8558,670688 2329748839,328,1625
28818297-3,Sigourney Alonsos,Divorced,Vicuña,1-451-229-5279,3632 717274 25876,886,4476
8339242-8,Hamilton Carla,Common-Law,Freire,842-4668,6334 8812 1195 3564,867,4583
23403289-5,Chancellor Cristobal,Married,Freire,1-642-492-7353,376434365748984,205,3597
8934926-5,Octavia Catalina,Common-Law,Putre,1-634-807-2736,201413558399426,617,6289
2287312-1,Allistair Ignacio,Common-Law,Illapel,823-1059,3724 526773 11261,825,2882
4250527-7,Marny Rojas,Divorced,Pozo Almonte,1-120-561-6683,633 11066 25368 354,309,5854
433311-k,Raphael Munoz,Married,Huasco,1-777-761-2309,484429 1681352628,717,2768
2573614-1,Nerea Sepulveda,Single,Freirina,813-8135,491367 2141276679,627,3341
24329242-5,Arden Martinez,Single,Ollagüe,1-857-268-8085,677172 5555577457,163,6654
3283718-2,Cole Maximiliano,Common-Law,Pitrufquén,248-9103,214972888657238,393,3226
43255949-1,Maggy Castro,Divorced,O'Higgins,372-3097,6477 6894 4219 2945,653,1207
45898748-3,Hall Trinidad,Married,Rauco,462-4712,564182 3336152649,363,7737
33372253-4,Ivory Miranda,Divorced,Lumaco,706-7537,438488 2517586326,534,9679
18612310-7,Jael Barbara,Single,Chépica,746-6184,6478788348587569,225,6813
9247368-6,Wesley Carolina,Single,Natales,617-7977,4936916695767457,642,2861
46202321-9,Raja Fuentes,Common-Law,Cochrane,1-616-231-5621,3486 884878 49476,546,8376
5560161-5,Camilla Miranda,Common-Law,Portezuelo,543-4336,214962375652321,399,1993
32748894-5,Nomlanga Zuniga,Single,San Pedro,1-371-317-3860,3683 548363 96777,803,1828
36751157-5,Kieran Herrera,Married,Conchalí,129-0548,633 49232 67387 220,260,7832
10219987-1,Daniel Valenzuela,Single,Algarrobo,1-837-200-5635,6767775755841175,820,3999
26303838-k,Melvin Soto,Divorced,Calera,845-8382,3442 972882 58855,741,4992
4839758-1,Quon Hernandez,Single,Chile Chico,1-640-818-2893,6334282866787367,441,2986
27573273-7,Rebecca Contreras,Divorced,Natales,1-678-513-2727,5038 342387 86267,636,8972
2472294-5,Akeem Matias,Divorced,Mostazal,1-358-508-8777,4556332244834286,980,4430
4026563-5,Patrick Garcia,Common-Law,La Unión,717-6264,365667436166461,536,3148
19422338-2,Lesley Mateo,Single,Colbún,1-278-831-1285,2149 738294 62233,616,8873
8968891-4,Yetta Sebastian,Divorced,La Estrella,1-620-483-8328,214958412778871,884,4267
34238250-9,Mari Sepulveda,Single,Rancagua,630-4649,490558 864984 2152,413,3625
22348278-3,Merrill Camila,Common-Law,Timaukel,136-2582,4024 0071 2534 8721,282,9311
39790642-6,Ori Alexandra,Common-Law,Marchihue,158-7522,491123 54 4544 3926 348,641,6164
11294885-6,Haviva Silva,Common-Law,Tocopilla,368-7591,361867454426573,931,3211
32540123-0,Finn Gomez,Married,General Lagos,1-816-116-8329,214927857772822,132,8728
40974735-3,Indigo Tomas,Single,Chépica,1-675-846-5605,305532265376222,152,5832
28698452-5,Wanda Mateo,Married,Mejillones,1-677-257-3216,303854563453624,899,7962
48154384-3,Fitzgerald Maximiliano,Divorced,Purén,1-747-829-8177,6304682634838226,584,8751
18908934-1,Vincent Munoz,Single,Quellón,1-528-867-5785,4844 5677 8736 8273,674,3305
39610966-2,Mikayla Martin,Married,Lumaco,1-566-268-5731,453263 614226 6840,560,8393
48489307-1,Dahlia Carla,Married,Las Condes,1-877-506-6854,5563 4492 1343 6642,753,5693
43552908-9,Joseph Martina,Married,Camiña,554-1496,6767176442458525,113,9582
13663887-4,Georgia Gomez,Single,Hualqui,1-557-342-4119,645 48596 46716 487,290,6327
37666711-1,Sara Maximo,Common-Law,Putre,1-768-211-6481,3665 267424 24627,452,1851
1890256-7,Hope Valentina,Single,Temuco,670-1748,214948154457644,899,1160
22919632-4,Macey Francisco,Common-Law,Chanco,721-1663,670943 6844585569,255,6776
39756968-3,Mariam Maximiliano,Married,Quilpué,1-662-534-6171,6452 7826 5286 5893,799,8919
17351182-5,Luke Fernandez,Single,Panguipulli,1-653-882-3403,514417 771232 2413,126,7316
9465705-9,Reed Carrasco,Married,San Fernando,1-108-211-1243,366726327624712,858,3566
3379733-8,Barrett Tomas,Married,Quilicura,1-594-893-7757,3658 185945 53384,672,2010
1869803-k,Carol Daniel,Married,Las Cabras,1-370-398-8185,644 49523 37226 453,933,1289
35774256-0,Selma Carrasco,Common-Law,Chile Chico,1-846-161-4216,503 86675 75656 237,239,1566
43762856-4,Kimberley Miranda,Common-Law,Santa Bárbara,586-2402,491 37647 33624 661,747,9421
4752488-1,Ashely Flores,Divorced,Pozo Almonte,1-313-838-6777,524366 575534 5432,545,8449
26514401-2,Jakeem Sofia,Single,Putre,1-755-736-3887,4916557642273837,926,5300
10582131-k,Audra Javier,Single,La Cisterna,541-9433,4508 8234 6525 2413,598,4164
3990597-3,Zorita Fuentes,Divorced,Pichilemu,516-7566,676 78577 56637 511,727,2276
8707779-9,Jared Atlas,Divorced,Talca,1-225-461-6813,3676 262179 65366,863,5408
49793232-7,Veronica Rivera,Single,Valdivia,684-7144,3652 456875 65754,498,6475
3927722-0,Hyatt Mateo,Single,General Lagos,303-6379,3632 837144 88585,497,4408
26423779-3,Hoyt Vicente,Divorced,María Elena,1-429-872-4029,5688329828120,217,2632
655443-1,Upton Matias,Divorced,Curicó,1-754-858-8801,214989667335729,118,5006
36658275-4,Montana Alonsos,Married,Los Sauces,654-5864,3639 549487 57249,758,7158
46705972-6,Dora Jara,Common-Law,Tortel,783-2916,6477 4257 4259 6745,173,3961
36980190-2,Keaton Laura,Married,Panguipulli,172-2482,535871 7367763980,621,3594
1796768-1,Elijah Laura,Married,Collipulli,708-1037,4936291757758182467,271,3679
11826491-6,Ainsley Lopez,Common-Law,Chépica,353-2817,67094277969558527,603,4954
12884789-8,Lysandra Bentlee,Common-Law,Caldera,1-643-588-7439,6441282214542639,466,8201
17351815-3,Reed Juan,Common-Law,Villa Alegre,785-1662,6334945648921435,524,4628
41951218-4,Hedda Luis,Divorced,Maipú,1-268-734-3626,402 64782 74494 343,572,7489
43552989-5,Marsden Matias,Divorced,Peumo,1-920-411-9091,214932674877754,656,9173
46581607-4,Tucker Tapia,Divorced,Talagante,178-6777,2149 737637 28631,707,9159
15207792-0,Kirk Rocio,Married,Quilaco,1-435-546-0644,491 18882 76167 150,205,6155
8471849-1,Phyllis Pia,Married,Lago Ranco,132-7227,3783 684434 56442,681,8294
17102633-4,Ivor Pascal,Married,Río Ibáñez,442-4185,3424 324952 44255,601,9347
19813442-2,Lyle Rocio,Single,Primavera,862-1807,366391622763382,520,9895
13564103-0,Tara Paz,Common-Law,Cabo de Hornos,216-8676,633379 35 2875 2338 640,258,3128
12274895-2,Patrick Alvarez,Divorced,Antofagasta,407-5465,2149 445325 46224,702,6796
48675496-6,Alyssa Testudines,Divorced,Pumanque,1-656-503-7817,5641827448842163519,638,5896
42213103-5,Carlos Alvarez,Married,Purén,115-1461,6709214224576355588,699,7376
999868-3,Lewis Ramirez,Single,Huara,1-631-939-8213,6304 7136 2549 6235,933,2562
9996691-2,Naida Reyes,Single,La Ligua,1-173-407-4276,493695 284565 5433,258,9092
2284263-3,TaShya Carrasco,Single,Putre,1-664-616-3162,3672 518746 46652,957,2194
6676280-7,Troy Diem,Common-Law,Lolol,1-431-484-1827,6304 4876 8487 2558,463,8922
23601612-9,Althea Gabriel,Common-Law,Llanquihue,1-768-887-1427,3782 459863 33677,828,4299
25369520-k,Tarik Alonsos,Single,Los Vilos,1-322-356-7727,491 65276 86773 364,310,1219
34179120-0,Cedric Laura,Married,Alto del Carmen,1-121-746-9241,491 66148 64415 628,490,5700
32343794-7,Xavier Silva,Divorced,Putaendo,1-844-517-4056,3485 233889 56296,986,9257
25184908-0,Abraham Pia,Married,Puerto Montt,1-437-326-6487,450865 124252 6183,468,7384
4434193-k,Nora Diem,Divorced,Alto Hospicio,846-7555,6334843418911561886,970,2868
20156254-6,Oleg Martina,Single,Aisén,895-7157,4026573428746190,899,4717
11431332-7,Cairo Testudines,Single,Panguipulli,1-574-875-8811,3035 837587 43339,602,4951
18975704-2,Hall Javier,Common-Law,Vichuquén,713-3863,2014 783651 78693,399,6780
27536406-1,Kirsten Chichi,Divorced,Cerro Navia,1-868-753-6606,492952 572757 8532,126,2878
13153431-0,Ezekiel Felipe,Married,Vallenar,1-386-847-8202,3627 628373 91439,312,4041
50779522-6,Angela Javier,Divorced,Antártica,1-618-341-6497,6564444182457833,210,8589
9668583-1,Buckminster Carla,Divorced,Isla de Pascua,553-1978,4929 282 25 4610,751,9580
33481359-2,Driscoll Emilia,Divorced,Combarbalá,391-3361,304922458356712,143,5375
14870102-4,Forrest Garcia,Common-Law,Pica,666-4132,4508631989273520,715,9910
41861551-6,Molly Flores,Common-Law,Laguna Blanca,1-516-635-7398,601158 8774992430,978,2982
27600522-7,Linus Sofia,Divorced,San Miguel,1-228-516-2181,3012 484531 32541,465,6454
24717685-3,Olga Nunez,Married,Palena,1-235-198-3521,546244 978153 6742,795,7491
33247849-4,Sara Contreras,Common-Law,Porvenir,1-802-611-6331,3664 247267 37299,483,5471
15846309-1,Jackson Emilia,Single,Cabo de Hornos,452-2145,6334889752963348,771,2352
16119478-6,Ariel Lopez,Divorced,Chile Chico,1-819-426-3382,670957 3247745851,900,9044
10699825-6,Kirestin Vergara,Married,O'Higgins,1-532-428-2246,3668 472522 93842,487,9013
17623787-2,Clayton Perez,Divorced,Quilicura,1-651-832-6447,453481 4812159490,939,9085
38823812-7,Ina Carrasco,Common-Law,Río Verde,1-977-266-7227,6334 6488 2746 6426,652,6568
3395610-k,Willow Reyes,Single,Camarones,1-352-818-8808,3699 947655 14848,633,7200
50665694-k,Christopher Fuentes,Married,Gorbea,1-411-557-8858,677134 734887 4628,575,6866
36585212-k,Vivian Sanchez,Common-Law,Combarbalá,656-6706,515746 2739242248,976,2982
18786370-8,Ignacia Tomas,Single,Valdivia,1-232-371-5387,402673 5475546530,891,2082
12760352-9,Kenyon Sebastian,Common-Law,Santa Cruz,598-9423,3637 174378 63376,555,9433
15132179-8,Carl Felipe,Common-Law,Huasco,1-126-246-8658,471689 924557 7780,602,5747
235683-k,Shafira Joaquin,Divorced,Peñalolén,1-449-867-6863,2149 272386 88432,477,6065
37911574-8,Candice Zavala,Divorced,El Bosque,763-4254,4916 228 35 3648,998,8383
32856462-9,Yolanda Julieta,Single,Camarones,273-8839,378288785497731,525,6034
38475968-8,Colt Fernanda,Married,Coquimbo,603-8681,677 13628 34772 970,372,5938
30231101-3,September Tomas,Single,Vilcún,463-3218,6334642264513477,356,2770
39961620-4,Harper Francisco,Single,Cabildo,1-331-504-1867,346233333699668,658,1216
17461420-2,Timon Rodriguez,Married,Cañete,1-241-535-8379,553 84865 38977 613,806,3258
23948704-1,Brendan Joaquin,Common-Law,Colchane,492-9155,6767 9637 2334 2217,346,8682
26548747-5,Rudyard Zavala,Divorced,Putre,1-332-712-8618,630 46177 43631 526,312,4716
15849632-1,Rhoda Araya,Common-Law,Cisnes,146-3272,601147 256147 9317,284,8339
47490696-5,Asher Pascal,Common-Law,Cunco,1-212-265-4238,538251 474464 7774,301,2649
10928490-4,Jemima Magdalena,Single,San Pedro de Atacama,658-8786,647 49468 75812 487,340,9997
40480810-9,Mechelle Tapia,Married,Vilcún,1-647-662-0520,6443 5241 2441 1241,760,1631
14660272-k,Hayley Carrasco,Single,Contulmo,668-7633,4913 5254 6387 7575,241,1567
47378288-k,Craig Bastian,Single,Cabo de Hornos,567-2888,676 73957 68426 581,402,4460
38852124-4,Yvette Laura,Divorced,Curacautín,1-833-897-6396,6304566348327524350,954,6785
33712200-0,Denton Vargas,Divorced,Ollagüe,1-118-354-2147,345425945636671,282,8912
41360598-9,Justin Herrera,Single,Río Ibáñez,578-9155,601119 9223247523,470,1311
4029120-2,Ivor Joaquin,Married,Cabildo,455-6909,362775426231576,408,7345
16910665-7,Zachery Javier,Married,Requínoa,825-3136,577353936880,301,3303
23801659-2,Indigo Thiarre,Divorced,Taltal,662-2463,6304725375374365179,555,9260
2419310-1,Donovan Felipe,Married,Canela,448-7886,4905253321664761665,574,6737
46744140-k,Quentin Flores,Married,Lago Verde,428-8318,348745244726411,846,2231
27632928-6,Carly Valentina,Common-Law,Torres del Paine,1-513-401-0934,201437415698340,851,3408
1094942-4,Lucy Fernandez,Common-Law,Penco,127-6667,300751427619551,132,2109
43118395-1,Fuller Fernanda,Single,Los Vilos,1-538-242-8581,6304 1987 7486 6331,746,6846
35785666-3,Deborah Diem,Common-Law,San Pedro de Atacama,1-476-440-2161,677 11568 87346 934,939,9705
1313148-1,Zia Felipe,Single,Salamanca,474-1628,676784 242367 2653,561,8472
12266386-8,Kim Diem,Divorced,Machalí,1-267-634-7351,5233765788842652,519,9262
28300622-0,Courtney Vera,Divorced,Monte Patria,1-535-434-3640,4556271783984,949,5621
969190-1,Uriel Magdalena,Single,Pedro Aguirre Cerda,1-919-778-3343,448513 4546727762,238,1535
45100799-8,Larissa Renato,Single,Chanco,1-842-680-1815,6709766774427278597,386,2694
28232667-1,Dexter Jose,Divorced,Laguna Blanca,667-4769,347528588232464,439,8487
17966462-3,Kyla Laura,Common-Law,Cabildo,192-4545,300287386357784,605,9067
42760332-6,Thor Paula,Divorced,Tiltil,471-5743,549 35222 37549 528,119,1454
37814248-2,Jillian Victoria,Single,Mejillones,1-342-243-8511,3054 546356 98435,980,4264
194165-8,Yvonne Daniel,Divorced,Putre,1-831-724-2265,630 48555 82324 452,898,4352
13938190-4,Dominic Maria,Married,Huasco,1-587-688-3342,6477368337764130,536,5693
44464629-2,Keaton Nicolas,Single,Guaitecas,486-5379,4539439766935,183,6576
34460205-0,Grant Rocio,Married,Quillón,1-416-447-6120,3443 393289 57615,398,9253
186413-0,Alisa Gomez,Common-Law,El Bosque,1-848-708-2093,4936414386215838,583,4832
13828678-9,Bell Sofia,Divorced,Curacautín,1-655-815-6780,490575 56 1477 6766 629,794,9692
39755136-9,Calvin Juan,Divorced,Lolol,1-276-829-6735,491183 72 8271 8451 336,246,5105
24580220-k,Dolan Alexandra,Single,Paredones,405-3815,201455675534922,196,9954
13732379-6,Charlotte Valentina,Married,Quellón,1-935-318-8116,4917571266816259,449,1830
16563302-4,Ifeoma Javier,Married,Chépica,1-561-667-0843,5018 546327 63847,305,1385
8310156-3,Michael Testudines,Common-Law,Coinco,1-742-532-3777,63042764658385843,988,4292
1456148-k,Willa Rivera,Divorced,Pozo Almonte,1-733-258-8234,644335 882753 3534,838,6845
3697782-5,Inga Jara,Common-Law,Angol,443-7499,214948573674654,651,6378
45497703-3,Guinevere Soto,Single,Chañaral,1-635-955-5857,6304426864462664967,405,2896
31700134-7,Lunea Zuniga,Common-Law,Vallenar,233-9392,342378266836151,791,8105
18591966-8,Cleo Gabriela,Married,Cochrane,1-637-947-5842,633 41654 56111 223,987,4728
11766194-6,Odysseus Victoria,Married,Quillota,715-7951,3011 239371 86530,117,5710
15151510-k,Kane Fuentes,Married,Río Claro,1-841-836-1192,501854832993547561,875,3136
29954409-5,Brady Sofia,Divorced,Macul,1-918-804-6714,366567883771624,810,7942
38479650-8,Aimee Maria,Single,Caldera,854-0762,5641822165354581,905,9571
13238537-8,Mona Lopez,Married,Pichidegua,1-207-875-6784,67098868624887362,577,4760
3296816-3,Dieter Matias,Married,Río Bueno,763-6389,3675 398563 64934,769,8703
31901323-7,Maris Castro,Married,Putre,737-0078,3763 745222 28365,973,2624
8263834-2,Chiquita Torres,Common-Law,Vilcún,1-738-243-5987,633438 496282 6238,871,5217
36980848-6,Tallulah Jose,Common-Law,Los Vilos,978-9578,302662213897954,843,9166
2991481-8,Audrey Morales,Single,Putre,1-622-732-8123,490395557635123214,981,6613
35912426-0,Hamilton Laura,Married,Lota,416-4145,3485 526751 86887,627,8724
2034558-6,Lane Fernandez,Common-Law,Camarones,1-326-887-8999,6763 882587 6441,352,2393
46306844-5,Philip Gonzalez,Married,Litueche,932-8272,6767621855264857529,919,8694
33966315-7,Dieter Bentlee,Divorced,Huasco,221-8460,5893244634668928,329,7797
492357-k,Adara Vicente,Single,Ollagüe,457-8591,4175007534629254,832,6760
7253157-4,Chaney Vega,Common-Law,Collipulli,1-216-117-8682,491 72274 87233 184,558,8800
23204588-4,Ivy Julieta,Single,Molina,430-5927,6767875127761620,871,4152
7547559-4,Alan Rocio,Single,Coihaique,1-778-531-5967,6334156428512727555,550,2288
37901596-4,Hanna Fernandez,Common-Law,Galvarino,246-3848,2014 277877 73573,310,6550
43289472-k,Hashim Bravo,Married,Santa Juana,1-139-266-6861,633497 2466243569,777,6062
18290407-4,Lunea Jara,Divorced,Catemu,796-5008,3688 471546 58587,367,9079
8844765-4,Sawyer Rodriguez,Divorced,Freirina,239-7569,6455 8385 8594 3756,729,7531
45603428-4,Sybil Javier,Divorced,General Lagos,1-555-654-6176,633433297782374539,392,7136
14177784-k,Jin Tapia,Married,Talagante,1-751-752-3593,670626 29 8833 7662 550,519,5159
41882129-9,Aladdin Pascal,Single,Galvarino,1-262-810-6860,601 14124 37551 758,778,2556
14445476-6,Yardley Ramirez,Divorced,Doñihue,1-586-226-3398,3477 998868 66549,872,5758
49858581-7,Scarlett Chichi,Divorced,Valdivia,1-853-468-6643,2014 738754 98244,757,9943
3348954-4,Daniel Juan,Divorced,Chile Chico,1-463-278-8507,4556 6693 3441 1420,783,3561
382307-5,Prescott Cortes,Single,Lanco,724-3318,349817786637444,192,2874
10603731-0,Kylee Daniel,Divorced,Viña del Mar,671-7066,516 32683 44646 661,790,9507
12122896-3,Madison Daniel,Single,Canela,1-238-291-6856,3653 344783 38892,848,1561
28927128-7,Willa Matias,Common-Law,Laguna Blanca,1-486-125-1664,2149 628545 12889,559,1578
1087094-1,September Thiarre,Divorced,Camarones,1-915-689-6422,448543 876694 4340,233,3644
18359417-6,Caldwell Jose,Single,La Unión,1-473-947-4912,647428 9289858832,713,3240
41102667-1,Cassandra Testudines,Common-Law,Negrete,113-8063,2149 746277 59549,890,5827
49406293-3,Oleg Joaquin,Common-Law,Peumo,553-4653,4916976667628578,658,5643
28437750-8,Mara Tapia,Married,Coihaique,1-623-967-2675,417500 2371799484,113,3048
32348145-8,Maile Carolina,Divorced,Rengo,830-1706,6333 9726 8293 7359,736,1849
20861395-2,Aimee Jose,Married,Putre,1-754-954-3043,5576141872786863,903,1603
20294195-8,Tad Diem,Common-Law,Curacautín,833-2355,201432858388756,537,1716
20825688-2,Joshua Silva,Common-Law,General Lagos,593-7058,4716299437629350,419,6793
36189752-8,Hanae Zuniga,Common-Law,Santa Bárbara,1-386-832-0637,2014 542796 94414,532,8813
25337104-8,Derek Vera,Common-Law,Calera de Tango,1-410-346-1453,4026 4117 9718 4422,816,8931
42873514-5,Cyrus Carla,Divorced,Río Verde,1-176-338-9537,5641823678752818652,283,7880
10404464-6,Jada Perez,Common-Law,Putre,718-5578,303674546647369,434,5781
131662-1,John Camila,Married,San Nicolás,1-734-670-8531,4716 7637 3334 8577,236,5341
1787948-0,Tamekah Alvarez,Single,Olmué,220-3748,6334578723854496235,826,1889
48380238-2,Alma Cortes,Common-Law,Paillaco,1-538-238-3762,3024 223456 23327,445,5570
26994565-6,Candace Silva,Common-Law,Nancagua,564-5117,302534136378125,152,6449
21961984-7,Ferdinand Fuentes,Divorced,Río Hurtado,1-584-967-1351,589337 33 5957 9448 228,888,5158
664382-5,Inga Tomas,Married,Torres del Paine,229-6483,577365478814,483,3444
23271499-9,Dorian Rocio,Married,Puqueldón,648-4553,6334529365381724,731,6281
19160615-9,Kitra Alvarez,Divorced,Paine,472-8749,676762 537735 5734,412,3962
38840537-6,Allegra Daniel,Married,General Lagos,346-2957,3638 768786 55939,820,3986
25861614-6,Paki Isabella,Single,Camarones,1-765-918-1741,490527 758754 3341,304,6957
11913332-7,Farrah Gonzalez,Single,Cisnes,1-233-890-1301,648656 615358 7340,617,9543
37185553-k,Freya Gabriela,Single,Sierra Gorda,737-3168,348448789268283,518,5169
11480419-3,Ulysses Munoz,Married,Vallenar,574-6710,3008 635891 94586,709,8351
15513699-5,Tad Gomez,Single,Curarrehue,1-462-416-5187,3783 632565 32728,639,5617
50674601-9,Kyle Tapia,Common-Law,Coihueco,200-4309,2014 177616 31574,144,2410
11679138-2,Azalia Juan,Single,Natales,1-251-465-6196,630434823447346714,284,4959
316035-1,Ivory Monserrat,Common-Law,Torres del Paine,1-873-831-0778,490565 866278 4548,300,7394
40861447-3,Sarah Laura,Married,Castro,1-720-226-3204,2149 649674 62143,586,7305
34632235-7,Elvis Soto,Married,Natales,1-261-443-4745,490589415559236551,531,1198
48465654-1,Kirestin Contreras,Married,San Pedro de Atacama,566-5592,556844 474461 6437,177,1696
7650456-3,Neve Carrasco,Divorced,Taltal,1-656-587-9283,633465 622627 9340,327,5560
29226205-1,Lael Martin,Divorced,San Ignacio,772-4671,677 19968 13542 472,678,4192
23490689-5,Fredericka Espinoza,Divorced,Coihueco,1-456-544-6391,6443 2556 4673 2836,635,7019
25759535-8,Sharon Herrera,Married,Mariquina,164-4734,670667338434387328,885,6548
453878-1,Piper Miranda,Married,Lumaco,640-2444,6525954337248596,285,7849
14789338-8,Aphrodite Camila,Divorced,Alto del Carmen,968-9921,630417 8749938860,578,8003
42933941-3,Claire Daniel,Divorced,Iquique,414-3658,6524281732538442,560,6110
35157699-5,Amos Valentina,Common-Law,General Lagos,372-3872,5368834553723328,667,2541
9608157-k,Ria Carla,Divorced,Combarbalá,1-987-474-4711,670699 6973774295,851,2912
30134275-6,Laura Valentina,Married,Copiapó,1-416-356-0190,372445345132523,335,1808
30273283-3,John Flores,Divorced,Río Bueno,1-425-342-4737,3666 974676 69785,569,6681
364557-6,Bruno Daniel,Divorced,Nogales,1-263-285-4136,2149 358592 87616,458,1388
10827908-7,Rebekah Diaz,Single,Arica,1-461-664-8766,365438137666443,900,6982
47176202-4,Adrienne Isabella,Single,Vitacura,278-7598,3733 189525 72241,893,9409
37501498-k,Lysandra Maximo,Single,Timaukel,1-162-616-4484,402633 8614728638,488,1441
21396955-2,Sean Augustin,Single,Castro,1-330-773-4668,524372-549568-4852,594,3644
2452431-0,Zeus Joaquin,Single,Alto Hospicio,1-849-922-4439,676142468786328760,500,6080
11713257-9,Camilla Gabriel,Married,Retiro,1-593-747-7878,3032 774464 82281,146,5985
42287289-2,Tara Rocio,Married,Calbuco,1-448-715-9741,367868866567230,598,3310
7986415-3,Levi Fuentes,Single,La Higuera,1-884-438-2526,367275542541813,949,2616
29711646-0,Beverly Lopez,Common-Law,Camarones,1-872-404-0419,4248888292746,668,6266
45253285-9,Erica Zavala,Single,Arica,1-811-388-3756,3449 451356 17471,599,5153
179818-9,Ignatius Pia,Common-Law,Camarones,343-1735,364299122534652,153,1884
5964843-8,Basia Rojas,Married,Río Negro,1-164-971-1577,305418174979290,631,2600
4096546-7,Jenette Lopez,Divorced,Talagante,1-150-368-7740,548577 4743355730,343,4828
3768714-6,Whilemina Munoz,Single,Sagrada Familia,863-5588,301573413248388,947,6931
34855425-5,Suki Carla,Divorced,Colbún,479-4434,2149 658352 63662,518,3545
26595973-3,Freya Gabriela,Divorced,Cerrillos,1-832-911-8783,5641 8212 3387 9546,324,4368
6901918-8,Thaddeus Gabriela,Divorced,Isla de Maipo,775-2234,4532837827225479,353,3671
48291439-k,Cora Carolina,Common-Law,Río Verde,307-3616,670988 8634542731,436,5325
2913385-9,Nissim Sanchez,Single,Linares,863-4411,301786845347681,378,6610
25773117-0,Doris Matias,Single,Olmué,1-616-445-8752,2149 854852 77820,331,3181
21978171-7,Nina Torres,Married,Lago Ranco,419-1781,450827 4417425220,984,8798
10525667-1,Celeste Magdalena,Single,Panguipulli,1-347-325-2213,6564528651312238,915,8132
46145575-1,Cameron Bravo,Divorced,O'Higgins,154-8266,589323833551687748,258,9913
1785982-k,Samuel Alexandra,Married,Camiña,1-357-810-3121,677174 68 3338 4876 648,154,2093
17995857-0,Rowan Herrera,Single,Cisnes,1-735-667-3492,6473883746296783,567,3059
40552724-3,Penelope Castillo,Common-Law,El Quisco,1-651-311-4084,670 97963 28124 361,702,2785
44829551-6,Adele Vega,Common-Law,Canela,1-216-974-1238,214924864748721,201,1411
3488527-3,Hedy Monserrat,Common-Law,Pica,296-3186,377842766726137,919,2704
24200759-k,Daphne Isabella,Common-Law,Lo Prado,302-8397,524553 669499 6866,926,1196
33605864-3,Rigel Zuniga,Common-Law,Tocopilla,915-8472,5667 427236 39830,989,9906
4633146-k,Clark Vargas,Single,Coihaique,357-5873,630444 6656836355,526,3963
9658912-3,Hall Vera,Single,Alto Biobío,469-3874,5259563846471328,527,8707
21580156-k,Shay Munoz,Married,Coihaique,1-890-243-5916,3641 579377 73131,526,7215
45298274-9,Hillary Gabriela,Divorced,Hualqui,543-1923,670983921881446289,984,5439
46270923-4,Ali Contreras,Single,Huara,332-2638,346594573257958,903,9161
15120279-9,Jameson Nicolas,Married,Puyehue,254-8155,677 13854 22556 927,309,3599
15940242-8,Nora Castro,Married,Antofagasta,769-5555,417500 574943 6531,446,1462
15746904-5,Melyssa Espinoza,Married,Mulchén,1-340-728-3500,630442 4263238851,244,2956
630643-8,Jessamine Valentina,Married,Puyehue,335-9524,471629 6686875874,534,4914
44102178-k,Amal Perez,Single,Coltauco,1-525-460-8615,6334 4152 2839 8727,369,5354
1356250-4,Xandra Martina,Divorced,Combarbalá,1-957-662-0459,4716597553883853,890,9352
42742286-0,Sarah Barbara,Single,Curepto,1-842-726-2366,4024007158849,407,1733
17457556-8,Yeo Sanchez,Married,Panguipulli,1-261-514-8791,4917617416228794,269,3506
45472302-3,Eaton Reyes,Divorced,Vallenar,1-744-634-0453,6767665768764265910,795,6082
28453250-3,Lavinia Matias,Common-Law,Punta Arenas,588-4774,555 41887 82672 523,406,2424
6453623-0,Madison Castillo,Divorced,Río Verde,1-644-872-4467,670659 21 3153 8833 982,310,8992
9841930-6,Ria Castro,Divorced,Cabo de Hornos,1-441-838-1266,633442 1654737487,456,6062
33910320-8,Whilemina Carla,Married,Teodoro Schmidt,1-407-794-5517,490537 42 2389 6885 920,876,6091
8930874-7,Sylvester Augustin,Divorced,General Lagos,578-2168,4024007152283395,902,6333
22553836-0,Lucian Fernanda,Married,Río Hurtado,497-1412,676395 8724328292,391,2165
39664384-7,Rina Emilia,Divorced,La Cruz,1-395-234-4474,491383 148562 8891,858,8715
21763528-4,Jescie Vergara,Single,Maullín,1-607-476-9316,6495 7941 8839 8892,612,3180
49992336-8,Idola Rodriguez,Married,San Joaquín,264-1772,490544545974541138,251,9909
4772714-6,Nicole Testudines,Married,Laguna Blanca,871-2712,2149 861676 29239,620,9667
20668827-0,Keely Alexandra,Common-Law,Marchihue,1-163-655-0755,676732 232962 2144,242,5610
41795750-2,Teagan Carrasco,Married,Pucón,1-494-356-6331,4929 944 38 3245,531,9940
20608364-6,Serena Figueroa,Common-Law,Curacaví,1-556-512-1815,3795 949745 38543,210,7383
7254362-9,Zenia Daniel,Common-Law,Renaico,574-4514,4026388168311661,960,3827
6619781-6,Dacey Carolina,Single,Huasco,226-0727,675979 422924 1441,321,7098
3972965-2,Caleb Munoz,Married,San Vicente,122-7331,3043 748373 86236,534,8402
9785684-2,Reece Nicolas,Common-Law,Florida,1-578-842-7282,455675 8312443719,871,8292
18408982-3,Ali Zavala,Married,Peñaflor,373-6187,2014 388512 37684,706,3239
3440644-8,Sylvia Julieta,Single,Chañaral,222-5132,3648 875538 25860,694,5244
40940843-5,Mary Zuniga,Common-Law,Ollagüe,1-852-418-1437,492963 8357348777,711,1298
5118352-5,Flavia Jose,Common-Law,Taltal,1-774-544-1369,633339/445224/2474,281,3904
4456774-1,Cynthia Matias,Common-Law,Iquique,526-8492,4844 1971 8367 4411,294,3523
43786132-3,Walker Alvarez,Common-Law,Lumaco,1-582-267-7586,4929 512 56 7559,874,1543
9642296-2,Kennedy Vega,Married,Puqueldón,589-3525,490535659915283154,818,6872
17669485-8,Graiden Fernandez,Common-Law,Longaví,228-7321,201433522687961,724,3047
21460825-1,Berk Morales,Single,O'Higgins,935-2376,3022 739746 24734,739,4237
49806144-3,Courtney Sanchez,Divorced,Alto Hospicio,589-7903,475627 527659 6620,217,3908
49791704-2,Hedley Maximo,Single,Camiña,931-5513,2149 989853 92833,166,9878
43237581-1,Ila Garcia,Married,Santa Bárbara,255-4057,526147 8873315775,432,9185
4849130-8,Callum Herrera,Divorced,La Unión,134-2486,4905496759628855650,902,7341
28586446-1,Nicholas Camila,Common-Law,Limache,341-6817,5315 7566 6746 4685,200,4423
34867611-3,Anastasia Martinez,Common-Law,Iquique,1-838-136-8769,6472 4461 6447 3267,517,4079
24159884-5,Cain Matilde,Divorced,O'Higgins,235-7670,6761 438477 36973,197,4128
36512422-1,Jolene Zuniga,Single,Ovalle,1-535-722-0608,471 65122 73485 855,751,3525
38832766-9,Eliana Testudines,Single,Caldera,825-7253,633 41535 21143 595,589,4390
37946323-1,Cheyenne Diaz,Divorced,Mejillones,1-563-302-0423,367463747937644,812,1482
9265328-5,Guy Nunez,Common-Law,Lanco,1-373-336-0359,453 97825 36481 745,451,8136
10463317-k,Deacon Martina,Common-Law,Litueche,1-441-536-4312,630474698572,571,9891
31839909-3,Rae Garcia,Single,Sierra Gorda,912-1316,3052 574396 85239,885,9065
15310532-4,Linus Tapia,Common-Law,Arauco,827-1945,67091234454848650,530,7463
40871526-1,Elliott Ramirez,Single,Guaitecas,1-788-413-2438,3659 258168 93637,843,1624
20874487-9,Ezra Maximo,Divorced,Valdivia,1-759-752-4586,6759536462867733,218,3259
43583889-8,Vincent Morales,Divorced,Lago Ranco,553-1380,6759 175 41 2563,361,6484
30916555-1,Igor Lopez,Divorced,Guaitecas,1-454-558-6575,4913 7757 4885 6767,882,7320
41705334-4,Dara Reyes,Single,Cabo de Hornos,1-328-751-2738,5038474646882785522,746,2472
666103-3,Keefe Torres,Married,Conchalí,625-1526,214972934323710,918,5640
25447733-8,Rhea Reyes,Single,Cauquenes,385-0885,3694 877276 23351,211,8651
1041325-7,Bernard Paz,Single,Primavera,1-431-743-5027,6334993685948935931,435,4459
4035392-5,Teagan Vega,Single,Renaico,878-7638,539 88243 26282 557,758,8422
16108891-9,Haviva Fernandez,Divorced,Tocopilla,953-1098,3479 344624 37387,545,9455
33502833-3,Benjamin Diaz,Married,Renaico,1-278-287-9938,6485 6232 9239 8476,453,9893
48744229-1,Jeremy Catalina,Married,General Lagos,626-8755,6767661673356126,278,9128
28166815-3,Sebastian Fernandez,Single,Camarones,242-2641,675936 4322838822,305,1325
18466524-7,Rana Soto,Common-Law,Lanco,648-7463,675921 3414966266,607,8439
16127786-k,Quamar Magdalena,Common-Law,Chile Chico,977-4127,542546 688718 3191,993,7412
34863711-8,Jesse Sofia,Single,Yungay,1-764-789-9122,5358625286486536,751,4375
2572937-4,Mallory Gonzalez,Single,Taltal,941-5212,553331 8153311742,439,8795
18311451-4,Beau Javier,Married,Olivar,1-962-639-1452,559468 243329 2360,293,5114
43623490-2,Jaime Cristobal,Single,Pichidegua,458-7914,633448353373939355,826,1412
16952815-2,Rhona Alvarez,Common-Law,Calle Larga,1-661-865-5745,491312 1638535775,156,5933
48852283-3,Ivana Zuniga,Single,Pelarco,1-818-259-2789,304893233838565,918,1506
36584333-3,Clarke Victoria,Single,Putre,943-5513,455625 295625 4475,498,7712
37686931-8,Noble Vargas,Divorced,Casablanca,462-3241,670997283226442637,932,3209
23751622-2,Lunea Vargas,Divorced,Quilpué,1-283-815-8416,5038336416269623227,188,1366
32136150-1,Imogene Vega,Divorced,Cochrane,1-396-784-5129,302748663851763,670,9297
13361928-3,Mohammad Fuentes,Common-Law,Río Ibáñez,255-8755,491396 5731653269,154,3628
25249495-2,Honorato Alonsos,Common-Law,Cisnes,1-964-762-1439,3662 598424 33583,531,1739
48692304-0,Raven Diego,Common-Law,Guaitecas,736-9545,6451762588825626,275,9209
27814503-4,Judith Juan,Common-Law,Río Hurtado,548-1141,645864 4886344273,803,3572
47412480-0,Dillon Ignacio,Single,Queilén,847-5351,201442442983368,254,6311
22939767-2,Victor Joaquin,Common-Law,Las Condes,1-226-485-1609,4556655578613466,857,7541
44757575-2,Jonah Herrera,Married,San Fernando,380-7308,633434 2842792871,505,1623
32562850-2,Maggie Martin,Common-Law,Río Bueno,804-1923,373556588266742,114,8332
31817661-2,Roanna Isabella,Divorced,Peumo,464-8126,630497 7392588355,402,3799
15826585-0,Anne Cortes,Common-Law,Calama,1-631-455-2411,670686 58 4751 7567 776,716,3124
48216889-2,Deacon Diego,Divorced,Cochrane,1-967-559-8924,4844815998452364,947,8309
28573638-2,Octavius Hernandez,Divorced,Santa Bárbara,835-2854,648 83243 67565 266,939,6612
14536903-7,Scott Testudines,Married,Chile Chico,874-2984,378637347742663,253,8004
3018970-1,Kellie Ramirez,Married,Lampa,1-833-627-5333,535 68851 68434 366,315,3472
39442960-0,Garth Javier,Single,Peumo,155-2267,5136 9335 3856 3238,746,9230
22193987-5,Steel Pia,Common-Law,Calama,646-3141,670978 7873141488,144,5587
3967220-0,Heather Felipe,Single,Putre,726-2389,349485522683468,544,5882
36654863-7,Julian Castillo,Single,Curicó,686-3041,2014 552238 67642,215,6381
15605169-1,Shelley Tomas,Single,San Fernando,1-436-882-3217,302741168951758,283,9374
22651945-9,Deirdre Renato,Common-Law,Iquique,1-779-465-3124,4905614893566444,285,1165
11706477-8,Geoffrey Bentlee,Common-Law,Sagrada Familia,1-842-137-5676,484454 7677752554,646,4177
1246457-6,Dahlia Sanchez,Common-Law,Valdivia,223-4992,6706768876356763,864,4653
17491135-5,Kalia Espinoza,Common-Law,Colchane,313-9663,2014.733445.65318,595,4519
4222696-3,Declan Soto,Divorced,General Lagos,852-3136,3474 785386 35830,164,1584
36965954-5,Roth Tapia,Single,Caldera,454-7345,676 75541 94247 140,635,3041
4372452-5,Jason Rojas,Single,San Carlos,1-246-274-5472,538179 8473587555,510,7062
48258406-3,Jasper Camila,Single,Laguna Blanca,1-475-540-4791,528 25847 67263 461,176,5005
14218241-6,Shoshana Rodriguez,Common-Law,Pozo Almonte,533-5474,2149 525346 52619,732,6628
6208662-9,Stacey Carrasco,Single,Hualañé,789-4073,2149 317441 56546,443,7778
49368442-6,Ila Tomas,Divorced,Renaico,1-654-365-3781,526 54676 64176 864,419,6488
46561419-6,Victor Bentlee,Married,Cholchol,1-480-284-2118,3634 852767 36489,474,6332
20566120-4,Linus Rivera,Married,Panguipulli,579-2515,670637 826382 4496,649,1251
24757287-2,Lillith Gabriela,Divorced,Camarones,1-391-581-3958,303275268258987,480,3694
11336580-3,Ora Joaquin,Married,Yumbel,1-836-295-8854,5594668446473774,301,1138
43319411-k,Gray Tapia,Single,Quintero,1-329-514-5485,648435 554255 8994,605,9374
23309416-1,Wesley Ramirez,Married,San Pedro de Atacama,887-6742,5713 626684 9680,960,2510
4614784-7,Dalton Vega,Common-Law,Antofagasta,598-1883,491398 945476 4780,849,3230
21466529-8,Timothy Joaquin,Common-Law,Máfil,1-202-573-6162,201443268824447,685,2746
38823269-2,Sara Diego,Married,General Lagos,251-4579,364717646542174,147,1223
39502603-8,Charde Bentlee,Single,Caldera,681-5573,6464878539874771,402,4073
37509115-1,Tiger Gutierrez,Single,Río Claro,848-7833,364272521393368,448,1291
31980415-3,Beau Pia,Common-Law,Río Ibáñez,1-373-367-6351,6304 4683 8996 3553,696,3517
17429911-0,Rooney Vasquez,Married,Putre,1-432-847-2757,50387695467340,933,4499
27809368-9,Hillary Vicente,Divorced,La Cruz,202-7745,4844 6951 2733 8340,775,9291
13654359-8,Nehru Chichi,Divorced,Colchane,1-795-328-3144,633 42684 39488 252,448,7559
14847773-6,Ethan Contreras,Married,Pozo Almonte,1-144-787-6580,6449 5738 5672 8243,640,2865
8742561-4,Fleur Sofia,Single,Alto Hospicio,522-8335,201466274872316,421,3398
12745533-3,Justina Augustin,Married,Timaukel,773-4621,491 38527 88558 353,716,5049
37298154-7,Rhonda Chichi,Married,Curacautín,1-176-963-3780,343643675746450,957,3125
46688862-1,Angelica Bastian,Divorced,Pitrufquén,238-1175,5641825858428356,521,5777
3968211-7,Amos Vargas,Single,Machalí,772-3770,576 33376 95884 660,953,2212
21699724-7,Caldwell Benjamin,Married,Tocopilla,102-8594,6761 865457 35334,694,7874
31410894-9,Carl Felipe,Married,Cabo de Hornos,1-441-441-7584,4539688858524,732,2998
44694850-4,Edward Lopez,Divorced,Huasco,715-1213,201481822778725,690,8776
44294796-1,Phoebe Vega,Common-Law,Los Muermos,218-0028,633462 64 7787 7748 757,605,3013
38126803-9,Leah Rojas,Common-Law,Carahue,338-7934,653385 4284155283,823,9169
34121206-5,Dean Tomas,Single,San Ignacio,1-353-786-4551,6706 4593 3319 6337,181,1296
25533491-3,Shaeleigh Alonsos,Divorced,Freirina,768-2687,5225 1378 6431 7324,617,8674
16560508-k,Jacob Diaz,Common-Law,Marchihue,1-716-345-4740,214973434495628,808,2140
26784243-4,Jael Araya,Single,Paillaco,118-5893,633 47623 77193 726,839,8063
37117357-9,Angelica Soto,Divorced,Rancagua,226-8767,538289 739564 9433,474,6632
35408924-6,Fletcher Nunez,Common-Law,Freirina,234-4573,2014 869965 96951,281,2716
40683640-1,Uriel Juan,Divorced,Putre,224-4538,4905556838249776730,586,3937
30934549-5,Macon Maximo,Single,Río Bueno,265-7319,677147 754526 8827,807,9141
27160865-9,Travis Catalina,Divorced,Pozo Almonte,1-252-102-3115,201457427133649,438,4985
11450270-7,Cade Sofia,Divorced,Cisnes,1-728-162-4148,4716229525772796,963,2233
1340112-8,Avye Espinoza,Divorced,Vicuña,1-373-343-1389,633456876753595578,651,8409
6677609-3,Malcolm Diego,Single,Llaillay,1-707-751-6335,6767 5222 9748 9760,987,5790
3341312-2,Dorothy Barbara,Common-Law,Sierra Gorda,1-826-538-5408,670926 616176 6728,728,6157
16954631-2,Regan Paz,Single,Huasco,1-622-514-3029,2149 448873 65857,434,1841
13290290-9,Lucy Carolina,Single,Camarones,1-824-408-3365,633110 931822 3530,895,5877
41898846-0,Avram Rocio,Married,La Serena,1-608-871-1207,6334521656743873578,853,2169
26840742-1,Madison Fernandez,Married,Paredones,1-428-247-6001,6458 3992 8415 5164,319,3727
35463462-7,Amity Fuentes,Single,Camarones,1-488-369-8715,4844 2828 2375 5752,276,4489
14996416-9,Dorothy Azizi,Married,Sierra Gorda,1-444-782-6257,6759 474 42 2560,149,6781
4330283-3,Signe Nunez,Common-Law,Quinchao,1-725-689-4441,6706448877174768,805,6190
23561571-1,Sonia Morales,Married,Juan Fernández,824-2094,303442345769754,729,4620
31344156-3,Gemma Gabriela,Divorced,San Javier,1-472-706-8392,649623 547286 7951,581,2654
32401421-7,Amela Sanchez,Single,Andacollo,855-4431,4916 715 65 5141,657,9577
35823415-1,Kennedy Alonsos,Married,Las Cabras,1-839-847-8318,368152216725312,571,3165
2254621-k,Lance Azizi,Common-Law,Camarones,964-7448,4929 9376 7368 7821,319,5921
17548130-3,Phillip Camila,Single,Romeral,262-9781,373798186325567,823,1285
10663826-8,Ila Azizi,Married,Camarones,467-7258,6568565728754329,831,7971
41968930-0,Leandra Morales,Married,Chimbarongo,1-626-462-3227,367387165384254,967,7230
27342977-8,Suki Florencia,Single,Arica,297-4188,6763877338365,228,6853
49867799-1,September Diaz,Married,General Lagos,731-5276,214958652858466,216,4842
15247797-k,Daria Daniel,Married,Palmilla,552-8194,6453149553426747,424,5516
15479961-3,Libby Laura,Divorced,Dalcahue,695-0578,363324329686583,843,4529
14474303-2,Dominique Munoz,Divorced,Primavera,1-304-780-5774,491386 537692 7145,680,7364
43664868-5,Jaden Morales,Married,La Florida,468-1523,528481 626433 6749,198,2016
4372352-9,Aline Rodriguez,Married,Taltal,1-656-383-2528,453981 527893 3588,350,7021
18219847-1,Willow Jara,Divorced,Arica,1-853-333-2774,676283 37 5337 5364 797,401,4111
39137105-9,Pandora Thiarre,Common-Law,Porvenir,249-8134,4936745539728551,254,7887
46733752-1,Nash Laura,Divorced,Iquique,1-821-236-6777,3467 667229 67360,209,2226
19723490-3,Brent Tapia,Common-Law,María Elena,1-918-968-1952,3735 385381 54632,572,8589
3660387-9,Brendan Sanchez,Divorced,Estación Central,1-814-242-4277,5356682426838243,842,6209
40299945-4,Ciara Diego,Common-Law,Navidad,1-712-145-7586,493666 28 9279 9924 519,509,6838
18119244-5,Amela Valenzuela,Common-Law,Cerrillos,1-564-485-9607,4716416742974848,497,3273
49749630-6,Marsden Jose,Single,La Higuera,1-579-952-9230,633466143643368643,556,1941
36393379-3,Bianca Nicolas,Married,Romeral,1-587-459-2411,491 74876 22735 671,874,6623
16413222-6,Mari Renato,Married,Limache,435-5861,6334698967544557378,846,6174
34551183-0,Adrian Alexandra,Common-Law,Putre,816-6330,6486 8374 9539 4492,254,7144
43405186-k,Linus Monserrat,Married,Rancagua,572-6177,4485 466 59 9254,844,9584
28796736-5,Garrison Ramirez,Divorced,Putre,1-431-265-5245,484432 656437 6722,338,6574
18125433-5,Nash Vargas,Divorced,Castro,1-155-906-6394,491736 447297 2318,114,4071
69658-7,Travis Rodriguez,Married,Arica,582-3664,676798486267873739,326,2391
36246837-k,Galvin Catalina,Single,Camarones,251-7128,633454 8727537120,988,5897
13348825-1,Evelyn Rocio,Single,Río Ibáñez,1-265-613-2247,4936469846328781126,243,1742
13776512-8,Jade Tomas,Divorced,General Lagos,931-6863,630483 35 8888 2849 299,780,7668
7345616-9,Carolyn Sebastian,Divorced,General Lagos,1-845-991-3238,546 62673 25551 183,130,3913
16354863-1,Jaime Torres,Common-Law,Putre,326-4436,4905734347455372,316,4911
34110453-k,Ruby Vicente,Single,Laguna Blanca,1-437-779-4807,214963635976252,361,7996
17406141-6,Jerome Juan,Single,Quellón,842-5560,3038 689445 58760,793,3402
5463726-8,Yvonne Sepulveda,Common-Law,Curacautín,1-975-210-2786,300464128573156,413,6712
26830347-2,Gloria Rojas,Divorced,Tomé,1-651-737-9919,3004 244752 82827,361,6039
7575467-1,Lacota Figueroa,Married,Osorno,1-218-538-7668,6333 7375 1215 1566,711,6003
2594787-8,Althea Araya,Single,Nancagua,1-551-756-2824,676767 5784325754,439,9575
23524806-9,Karleigh Vasquez,Single,Calama,1-365-232-0649,6304 6177 6942 8419,591,1609
47985505-6,Fiona Vasquez,Divorced,Pencahue,1-621-695-3836,5038862214753323566,266,3869
5040037-9,Briar Matilde,Divorced,Río Ibáñez,778-6552,4911 4466 3714 2824,468,5790
50646233-9,Hashim Emilia,Single,Puerto Montt,200-5485,589835773674,339,4980
3945139-5,Stacey Rivera,Married,Paillaco,1-603-898-6256,578226662562,713,5468
12236971-4,Emmanuel Maximo,Single,Timaukel,535-5767,214948248572424,406,6002
24931711-k,Keegan Mateo,Married,Antuco,1-566-320-6754,376449527338854,965,2373
374158-3,Beverly Emilia,Divorced,Curicó,735-2471,492 93494 22281 460,997,8036
